<properties>  
    <junit.version>4.12</junit.version>  
    <spring.version>4.3.9.RELEASE</spring.version>  
    <commons-logging.version>1.2</commons-logging.version>    
</properties>  

<dependencies>
<dependency>  
    <groupId>junit</groupId>  
    <artifactId>junit</artifactId>  
    <version>${junit.version}</version>  
    <scope>test</scope>  
</dependency>  
  
<!-- 添加Spring依赖的jar包-->  
<!--依赖注入包-->  
<dependency>  
    <groupId>org.springframework</groupId>  
    <artifactId>spring-aop</artifactId>  
    <version>${spring.version}</version>  
</dependency>  
<!--切片包-->  
<dependency>  
    <groupId>org.springframework</groupId>  
    <artifactId>spring-aspects</artifactId>  
    <version>${spring.version}</version>  
</dependency>  
<!-- Beans包-->  
<dependency>  
    <groupId>org.springframework</groupId>  
    <artifactId>spring-beans</artifactId>  
    <version>${spring.version}</version>  
</dependency>  
<!-- 容器包-->  
<dependency>  
    <groupId>org.springframework</groupId>  
    <artifactId>spring-context</artifactId>  
    <version>${spring.version}</version>  
</dependency>  
<!-- 容器依赖包-->  
<dependency>  
    <groupId>org.springframework</groupId>  
    <artifactId>spring-context-support</artifactId>  
    <version>${spring.version}</version>  
</dependency>  
<!-- 核心包-->  
<dependency>  
    <groupId>org.springframework</groupId>  
    <artifactId>spring-core</artifactId>  
    <version>${spring.version}</version>  
</dependency>  
<!-- 表达式包-->  
<dependency>  
    <groupId>org.springframework</groupId>  
    <artifactId>spring-expression</artifactId>  
    <version>${spring.version}</version>  
</dependency>  
<!--spring-framework-bom包-->  
<dependency>  
    <groupId>org.springframework</groupId>  
    <artifactId>spring-framework-bom</artifactId>  
    <version>${spring.version}</version>  
</dependency>  
<!--spring-instrument包-->  
<dependency>  
    <groupId>org.springframework</groupId>  
    <artifactId>spring-instrument</artifactId>  
    <version>${spring.version}</version>  
</dependency>  
<!--连接数据库包-->  
<dependency>  
    <groupId>org.springframework</groupId>  
    <artifactId>spring-jdbc</artifactId>  
    <version>${spring.version}</version>  
</dependency>  
<!--Spring消息包-->  
<dependency>  
    <groupId>org.springframework</groupId>  
    <artifactId>spring-jms</artifactId>  
    <version>${spring.version}</version>  
</dependency>  
<!--Spring信息包-->  
<dependency>  
    <groupId>org.springframework</groupId>  
    <artifactId>spring-messaging</artifactId>  
    <version>${spring.version}</version>  
</dependency>  
<!--Spring对象映射包-->  
<dependency>  
    <groupId>org.springframework</groupId>  
    <artifactId>spring-orm</artifactId>  
    <version>${spring.version}</version>  
</dependency>  
<!--spring-oxm包-->  
<dependency>  
    <groupId>org.springframework</groupId>  
    <artifactId>spring-oxm</artifactId>  
    <version>${spring.version}</version>  
</dependency>  
<!--Spring测试包-->  
<dependency>  
    <groupId>org.springframework</groupId>  
    <artifactId>spring-test</artifactId>  
    <version>${spring.version}</version>  
</dependency>  
<!--Spring事物管理包-->  
<dependency>  
    <groupId>org.springframework</groupId>  
    <artifactId>spring-tx</artifactId>  
    <version>${spring.version}</version>  
</dependency>  
<!--Spring web项目包-->  
<dependency>  
    <groupId>org.springframework</groupId>  
    <artifactId>spring-web</artifactId>  
    <version>${spring.version}</version>  
</dependency>  
  
<!--SpringMVC包-->  
<dependency>  
    <groupId>org.springframework</groupId>  
    <artifactId>spring-webmvc</artifactId>  
    <version>${spring.version}</version>  
</dependency>  
<!--spring-websocket包-->  
<dependency>  
    <groupId>org.springframework</groupId>  
    <artifactId>spring-websocket</artifactId>  
    <version>${spring.version}</version>  
</dependency>  
  
<!--Spring 依赖commons-logging包-->  
<dependency>  
    <groupId>commons-logging</groupId>  
    <artifactId>commons-logging</artifactId>  
    <version>${commons-logging.version}</version>  
</dependency>  
  
</dependencies>
